-- =============================================================================
-- Núñez Gil — SEED del catálogo (GENERADO automáticamente, no editar a mano)
-- Ejecutar DESPUÉS de 01-esquema.sql, en Supabase → SQL Editor → Run.
-- Idempotente: borra y reinserta el catálogo completo.
-- =============================================================================

begin;
-- Limpieza (orden inverso de FK)
delete from imagenes_producto;
delete from variantes_producto;
delete from productos;
delete from marcas;
delete from categorias;

-- Marcas
insert into marcas (slug, nombre, logo_url, es_marca_propia, posicion) values ('alar', 'Alar', 'https://workcrm.com/clientesexternos/76e25814ae22ad63d695c525ce525e1f/imagesmarcas/CEGECO-230221122340.jpg', false, 1);
insert into marcas (slug, nombre, logo_url, es_marca_propia, posicion) values ('alexalo', 'Alexalo', 'https://workcrm.com/clientesexternos/76e25814ae22ad63d695c525ce525e1f/imagesmarcas/ALEXALO.JPG', false, 2);
insert into marcas (slug, nombre, logo_url, es_marca_propia, posicion) values ('alia', 'Alia', 'https://workcrm.com/clientesexternos/76e25814ae22ad63d695c525ce525e1f/imagesmarcas/(2)ALIA.JPG', false, 3);
insert into marcas (slug, nombre, logo_url, es_marca_propia, posicion) values ('amefa', 'Amefa', 'https://workcrm.com/clientesexternos/76e25814ae22ad63d695c525ce525e1f/imagesmarcas/AMEFA.jpg', false, 4);
insert into marcas (slug, nombre, logo_url, es_marca_propia, posicion) values ('aps', 'APS', 'https://workcrm.com/clientesexternos/76e25814ae22ad63d695c525ce525e1f/imagesmarcas/APS%20MELAMINA.JPG', false, 5);
insert into marcas (slug, nombre, logo_url, es_marca_propia, posicion) values ('araven', 'Araven', 'https://workcrm.com/clientesexternos/76e25814ae22ad63d695c525ce525e1f/imagesmarcas/ARAVEN.JPG', false, 6);
insert into marcas (slug, nombre, logo_url, es_marca_propia, posicion) values ('arcoroc-profesional', 'Arcoroc Profesional', 'https://workcrm.com/clientesexternos/76e25814ae22ad63d695c525ce525e1f/imagesmarcas/arcoroc%20profesional.JPG', false, 7);
insert into marcas (slug, nombre, logo_url, es_marca_propia, posicion) values ('arcos', 'Arcos', 'https://workcrm.com/clientesexternos/76e25814ae22ad63d695c525ce525e1f/imagesmarcas/arcos.JPG', false, 8);
insert into marcas (slug, nombre, logo_url, es_marca_propia, posicion) values ('ariane-fine-porcelain', 'Ariane Fine Porcelain', 'https://workcrm.com/clientesexternos/76e25814ae22ad63d695c525ce525e1f/imagesmarcas/ARIANE.JPG', false, 9);
insert into marcas (slug, nombre, logo_url, es_marca_propia, posicion) values ('beckers', 'Beckers', 'https://workcrm.com/clientesexternos/76e25814ae22ad63d695c525ce525e1f/imagesmarcas/BECKER.JPG', false, 10);
insert into marcas (slug, nombre, logo_url, es_marca_propia, posicion) values ('bonna-premium-porcelain', 'Bonna Premium Porcelain', 'https://workcrm.com/clientesexternos/76e25814ae22ad63d695c525ce525e1f/imagesmarcas/BONNA%20PREMIUM%20PORCELAIN.JPG', false, 11);
insert into marcas (slug, nombre, logo_url, es_marca_propia, posicion) values ('buarfe', 'Buarfe', 'https://workcrm.com/clientesexternos/76e25814ae22ad63d695c525ce525e1f/imagesmarcas/BUARFE.JPG', false, 12);
insert into marcas (slug, nombre, logo_url, es_marca_propia, posicion) values ('churchill', 'Churchill', 'https://workcrm.com/clientesexternos/76e25814ae22ad63d695c525ce525e1f/imagesmarcas/LOGOTIPO%20CHURCHILL.jpg', false, 13);
insert into marcas (slug, nombre, logo_url, es_marca_propia, posicion) values ('churchill-vajilla', 'Churchill Vajilla', 'https://workcrm.com/clientesexternos/76e25814ae22ad63d695c525ce525e1f/imagesmarcas/CHURCHILL%20VAJILLA.JPG', false, 14);
insert into marcas (slug, nombre, logo_url, es_marca_propia, posicion) values ('cisne', 'Cisne', 'https://workcrm.com/clientesexternos/76e25814ae22ad63d695c525ce525e1f/imagesmarcas/CISNE.JPG', false, 15);
insert into marcas (slug, nombre, logo_url, es_marca_propia, posicion) values ('comas', 'Comas', 'https://workcrm.com/clientesexternos/76e25814ae22ad63d695c525ce525e1f/imagesmarcas/COMAS.JPG', false, 16);
insert into marcas (slug, nombre, logo_url, es_marca_propia, posicion) values ('continental', 'Continental', 'https://workcrm.com/clientesexternos/76e25814ae22ad63d695c525ce525e1f/imagesmarcas/continenetal.JPG', false, 17);
insert into marcas (slug, nombre, logo_url, es_marca_propia, posicion) values ('cuatrogasa', 'Cuatrogasa', 'https://workcrm.com/clientesexternos/76e25814ae22ad63d695c525ce525e1f/imagesmarcas/LOGOTIPO%20CUATROGASA.jpg', false, 18);
insert into marcas (slug, nombre, logo_url, es_marca_propia, posicion) values ('distform', 'Distform', 'https://workcrm.com/clientesexternos/76e25814ae22ad63d695c525ce525e1f/imagesmarcas/DISTFORM.JPG', false, 19);
insert into marcas (slug, nombre, logo_url, es_marca_propia, posicion) values ('dkristal', 'Dkristal', 'https://workcrm.com/clientesexternos/76e25814ae22ad63d695c525ce525e1f/imagesmarcas/DKRISTAL.JPG', false, 20);
insert into marcas (slug, nombre, logo_url, es_marca_propia, posicion) values ('dudson-vajilla', 'Dudson Vajilla', 'https://workcrm.com/clientesexternos/76e25814ae22ad63d695c525ce525e1f/imagesmarcas/DUDSON%20VAJILLA.JPG', false, 21);
insert into marcas (slug, nombre, logo_url, es_marca_propia, posicion) values ('duralec', 'Duralec', 'https://workcrm.com/clientesexternos/76e25814ae22ad63d695c525ce525e1f/imagesmarcas/DURALEC%20MARCA.jpg', false, 22);
insert into marcas (slug, nombre, logo_url, es_marca_propia, posicion) values ('emile-henry', 'Emile Henry', 'https://workcrm.com/clientesexternos/76e25814ae22ad63d695c525ce525e1f/imagesmarcas/41-zfCqG4BL.jpg', false, 23);
insert into marcas (slug, nombre, logo_url, es_marca_propia, posicion) values ('eternum', 'Eternum', 'https://workcrm.com/clientesexternos/76e25814ae22ad63d695c525ce525e1f/imagesmarcas/ETERNUM.JPG', false, 24);
insert into marcas (slug, nombre, logo_url, es_marca_propia, posicion) values ('fabi-mobiliario', 'Fabi Mobiliario', 'https://workcrm.com/clientesexternos/76e25814ae22ad63d695c525ce525e1f/imagesmarcas/FABI%20MARCA.JPG', false, 25);
insert into marcas (slug, nombre, logo_url, es_marca_propia, posicion) values ('fervik', 'Fervik', 'https://workcrm.com/clientesexternos/76e25814ae22ad63d695c525ce525e1f/imagesmarcas/FERVIK.JPG', false, 26);
insert into marcas (slug, nombre, logo_url, es_marca_propia, posicion) values ('fricosmos', 'Fricosmos', 'https://workcrm.com/clientesexternos/76e25814ae22ad63d695c525ce525e1f/imagesmarcas/FRICOSMOS.JPG', false, 27);
insert into marcas (slug, nombre, logo_url, es_marca_propia, posicion) values ('garcia-de-pou', 'Garcia de Pou', 'https://workcrm.com/clientesexternos/76e25814ae22ad63d695c525ce525e1f/imagesmarcas/GARCIA%20DE%20POU.JPG', false, 28);
insert into marcas (slug, nombre, logo_url, es_marca_propia, posicion) values ('giona-company', 'Giona Company', 'https://workcrm.com/clientesexternos/76e25814ae22ad63d695c525ce525e1f/imagesmarcas/GIONA%20LOGOTIPO.jpg', false, 29);
insert into marcas (slug, nombre, logo_url, es_marca_propia, posicion) values ('gural', 'Gural', 'https://workcrm.com/clientesexternos/76e25814ae22ad63d695c525ce525e1f/imagesmarcas/gural.JPG', false, 30);
insert into marcas (slug, nombre, logo_url, es_marca_propia, posicion) values ('hoteralia', 'Hoteralia', 'https://workcrm.com/clientesexternos/76e25814ae22ad63d695c525ce525e1f/imagesmarcas/catalogo-hoteralia-nunez-gil.jpg', false, 31);
insert into marcas (slug, nombre, logo_url, es_marca_propia, posicion) values ('hr-fainca', 'HR Fainca', 'https://workcrm.com/clientesexternos/76e25814ae22ad63d695c525ce525e1f/imagesmarcas/(2)HR%20fainca.JPG', false, 32);
insert into marcas (slug, nombre, logo_url, es_marca_propia, posicion) values ('infrico', 'Infrico', 'https://workcrm.com/clientesexternos/76e25814ae22ad63d695c525ce525e1f/imagesmarcas/INFRICO.jpg', false, 33);
insert into marcas (slug, nombre, logo_url, es_marca_propia, posicion) values ('jay-cuberteria', 'Jay Cuberteria', 'https://workcrm.com/clientesexternos/76e25814ae22ad63d695c525ce525e1f/imagesmarcas/JAY%20CUBERTERIA.JPG', false, 34);
insert into marcas (slug, nombre, logo_url, es_marca_propia, posicion) values ('jofel', 'Jofel', 'https://workcrm.com/clientesexternos/76e25814ae22ad63d695c525ce525e1f/imagesmarcas/JOFEL.jpg', false, 35);
insert into marcas (slug, nombre, logo_url, es_marca_propia, posicion) values ('lacor', 'Lacor', 'https://workcrm.com/clientesexternos/76e25814ae22ad63d695c525ce525e1f/imagesmarcas/lacor.JPG', false, 36);
insert into marcas (slug, nombre, logo_url, es_marca_propia, posicion) values ('le-coq', 'Le Coq', 'https://workcrm.com/clientesexternos/76e25814ae22ad63d695c525ce525e1f/imagesmarcas/LE%20COQ.JPG', false, 37);
insert into marcas (slug, nombre, logo_url, es_marca_propia, posicion) values ('luigi-bormioli', 'Luigi Bormioli', 'https://workcrm.com/clientesexternos/76e25814ae22ad63d695c525ce525e1f/imagesmarcas/LUIGI%20BORMIOLI.JPG', false, 38);
insert into marcas (slug, nombre, logo_url, es_marca_propia, posicion) values ('max-power', 'Max Power', 'https://workcrm.com/clientesexternos/76e25814ae22ad63d695c525ce525e1f/imagesmarcas/MAX%20POWER.JPG', false, 39);
insert into marcas (slug, nombre, logo_url, es_marca_propia, posicion) values ('muebles-romero', 'Muebles Romero', 'https://workcrm.com/clientesexternos/76e25814ae22ad63d695c525ce525e1f/imagesmarcas/ROMERO%20MARCA.JPG', false, 40);
insert into marcas (slug, nombre, logo_url, es_marca_propia, posicion) values ('narumi', 'Narumi', 'https://workcrm.com/clientesexternos/76e25814ae22ad63d695c525ce525e1f/imagesmarcas/NARUMI.JPG', false, 41);
insert into marcas (slug, nombre, logo_url, es_marca_propia, posicion) values ('nupik', 'Nupik', 'https://workcrm.com/clientesexternos/76e25814ae22ad63d695c525ce525e1f/imagesmarcas/NUPIK.JPG', false, 42);
insert into marcas (slug, nombre, logo_url, es_marca_propia, posicion) values ('ng-aseo-personal', 'NG Aseo Personal', 'https://workcrm.com/clientesexternos/76e25814ae22ad63d695c525ce525e1f/imagesmarcas/5-peligrosos-agentes-cancerigenos-que-no-conocias-y-seguro-tienes-a-tu-alrededor-5.jpg', true, 43);
insert into marcas (slug, nombre, logo_url, es_marca_propia, posicion) values ('ng-automocion', 'NG Automocion', 'https://workcrm.com/clientesexternos/76e25814ae22ad63d695c525ce525e1f/imagesmarcas/NU;EZ%20GIL%20AUTOMOCION.JPG', true, 44);
insert into marcas (slug, nombre, logo_url, es_marca_propia, posicion) values ('ng-celulosa-hosteleria', 'NG Celulosa Hosteleria', 'https://workcrm.com/clientesexternos/76e25814ae22ad63d695c525ce525e1f/imagesmarcas/CELULOSA%20HOSTELERIA.JPG', true, 45);
insert into marcas (slug, nombre, logo_url, es_marca_propia, posicion) values ('ng-celulosa-industrial-y-dispensadores', 'NG Celulosa Industrial y Dispensadores', 'https://workcrm.com/clientesexternos/76e25814ae22ad63d695c525ce525e1f/imagesmarcas/(1)CELULOSA%20INDUSTRIAL.JPG', true, 46);
insert into marcas (slug, nombre, logo_url, es_marca_propia, posicion) values ('ng-hosteleria', 'NG Hosteleria', 'https://workcrm.com/clientesexternos/76e25814ae22ad63d695c525ce525e1f/imagesmarcas/ng-hosteleria.jpg', true, 47);
insert into marcas (slug, nombre, logo_url, es_marca_propia, posicion) values ('ng-lavanderia', 'NG Lavanderia', 'https://workcrm.com/clientesexternos/76e25814ae22ad63d695c525ce525e1f/imagesmarcas/NG%20LAVANDERIA.jpg', true, 48);
insert into marcas (slug, nombre, logo_url, es_marca_propia, posicion) values ('ng-limpieza', 'NG Limpieza', 'https://workcrm.com/clientesexternos/76e25814ae22ad63d695c525ce525e1f/imagesmarcas/NG%20LIMPIEZA.JPG', true, 49);
insert into marcas (slug, nombre, logo_url, es_marca_propia, posicion) values ('ng-piscinas', 'NG Piscinas', 'https://workcrm.com/clientesexternos/76e25814ae22ad63d695c525ce525e1f/imagesmarcas/(1)NG%20PISCINAS.JPG', true, 50);
insert into marcas (slug, nombre, logo_url, es_marca_propia, posicion) values ('ng-quimica', 'NG Quimica', 'https://workcrm.com/clientesexternos/76e25814ae22ad63d695c525ce525e1f/imagesmarcas/NG%20QUIMICA.jpg', true, 51);
insert into marcas (slug, nombre, logo_url, es_marca_propia, posicion) values ('ng-un-solo-uso', 'NG Un Solo Uso', 'https://workcrm.com/clientesexternos/76e25814ae22ad63d695c525ce525e1f/imagesmarcas/(1)ARTICULOS%20UN%20SOLO%20USO%20NG.JPG', true, 52);

-- Categorías (nivel 1 → 2 → 3)
insert into categorias (slug, nombre, nivel, parent_slug, imagen_url, posicion) values ('quimica-industrial', 'Quimica industrial', 1, NULL, 'https://workcrm.com/clientesexternos/76e25814ae22ad63d695c525ce525e1f/files/a7238b15621a2b8bca9b1b16569a8e01.JPG', 1);
insert into categorias (slug, nombre, nivel, parent_slug, imagen_url, posicion) values ('celulosa-industrial-y-dispensadores', 'Celulosa industrial y dispensadores', 1, NULL, 'https://workcrm.com/clientesexternos/76e25814ae22ad63d695c525ce525e1f/imagesmarcas/(1)CELULOSA%20INDUSTRIAL.JPG', 2);
insert into categorias (slug, nombre, nivel, parent_slug, imagen_url, posicion) values ('articulos-de-limpieza', 'Articulos de limpieza', 1, NULL, 'https://workcrm.com/clientesexternos/76e25814ae22ad63d695c525ce525e1f/files/3fb80457d50ba165967af4b48a63d6c0.JPG', 3);
insert into categorias (slug, nombre, nivel, parent_slug, imagen_url, posicion) values ('automocion', 'Automocion', 1, NULL, 'https://workcrm.com/clientesexternos/76e25814ae22ad63d695c525ce525e1f/imagesmarcas/NU;EZ%20GIL%20AUTOMOCION.JPG', 4);
insert into categorias (slug, nombre, nivel, parent_slug, imagen_url, posicion) values ('en-la-mesa', 'En la mesa', 1, NULL, 'https://workcrm.com/clientesexternos/76e25814ae22ad63d695c525ce525e1f/imagesmarcas/CHURCHILL%20VAJILLA.JPG', 5);
insert into categorias (slug, nombre, nivel, parent_slug, imagen_url, posicion) values ('cristaleria', 'Cristaleria', 1, NULL, 'https://workcrm.com/clientesexternos/76e25814ae22ad63d695c525ce525e1f/imagesproductos/archivo-16402610776883.JPG', 6);
insert into categorias (slug, nombre, nivel, parent_slug, imagen_url, posicion) values ('consumibles-y-un-solo-uso', 'Consumibles y un solo uso', 1, NULL, 'https://workcrm.com/clientesexternos/76e25814ae22ad63d695c525ce525e1f/imagesmarcas/(1)ARTICULOS%20UN%20SOLO%20USO%20NG.JPG', 7);
insert into categorias (slug, nombre, nivel, parent_slug, imagen_url, posicion) values ('sanidad-salud-y-proteccion', 'Sanidad, salud y proteccion', 1, NULL, 'https://workcrm.com/clientesexternos/76e25814ae22ad63d695c525ce525e1f/files/d8d49e38c79d00dd3edb36a2f60eb5e2.JPG', 8);
insert into categorias (slug, nombre, nivel, parent_slug, imagen_url, posicion) values ('en-la-cocina', 'En la cocina', 1, NULL, 'https://workcrm.com/clientesexternos/76e25814ae22ad63d695c525ce525e1f/files/22fae9469fe61458ee1625d9e7ee7354.JPG', 9);
insert into categorias (slug, nombre, nivel, parent_slug, imagen_url, posicion) values ('en-la-sala', 'En la sala', 1, NULL, 'https://workcrm.com/clientesexternos/76e25814ae22ad63d695c525ce525e1f/imagesmarcas/GARCIA%20DE%20POU.JPG', 10);
insert into categorias (slug, nombre, nivel, parent_slug, imagen_url, posicion) values ('mobiliario', 'Mobiliario', 1, NULL, 'https://workcrm.com/clientesexternos/76e25814ae22ad63d695c525ce525e1f/imagesmarcas/FABI%20MARCA.JPG', 11);
insert into categorias (slug, nombre, nivel, parent_slug, imagen_url, posicion) values ('maquinaria-hosteleria', 'Maquinaria hosteleria', 1, NULL, 'https://workcrm.com/clientesexternos/76e25814ae22ad63d695c525ce525e1f/imagesmarcas/INFRICO.jpg', 12);
insert into categorias (slug, nombre, nivel, parent_slug, imagen_url, posicion) values ('aseo-personal', 'Aseo personal', 1, NULL, 'https://workcrm.com/clientesexternos/76e25814ae22ad63d695c525ce525e1f/files/1ae2e589fe157b48489a8e3492347bb0.JPG', 13);
insert into categorias (slug, nombre, nivel, parent_slug, imagen_url, posicion) values ('ambientadores-e-insecticidas', 'Ambientadores e insecticidas', 2, 'quimica-industrial', 'https://workcrm.com/clientesexternos/76e25814ae22ad63d695c525ce525e1f/files/05d104c1507e26df719bca5fc26f95a5.JPG', 1);
insert into categorias (slug, nombre, nivel, parent_slug, imagen_url, posicion) values ('cristal-refresco-y-cerveza', 'Cristal refresco y cerveza', 2, 'cristaleria', 'https://workcrm.com/clientesexternos/76e25814ae22ad63d695c525ce525e1f/imagesproductos/archivo-16402610776883.JPG', 1);
insert into categorias (slug, nombre, nivel, parent_slug, imagen_url, posicion) values ('vajilla-y-platos', 'Vajilla y platos', 2, 'en-la-mesa', 'https://workcrm.com/clientesexternos/76e25814ae22ad63d695c525ce525e1f/imagesmarcas/CHURCHILL%20VAJILLA.JPG', 1);
insert into categorias (slug, nombre, nivel, parent_slug, imagen_url, posicion) values ('bobinas-y-rollos-industriales', 'Bobinas y rollos industriales', 2, 'celulosa-industrial-y-dispensadores', 'https://workcrm.com/clientesexternos/76e25814ae22ad63d695c525ce525e1f/imagesmarcas/(1)CELULOSA%20INDUSTRIAL.JPG', 1);
insert into categorias (slug, nombre, nivel, parent_slug, imagen_url, posicion) values ('envases-alimentarios', 'Envases alimentarios', 2, 'consumibles-y-un-solo-uso', 'https://workcrm.com/clientesexternos/76e25814ae22ad63d695c525ce525e1f/imagesmarcas/(1)ARTICULOS%20UN%20SOLO%20USO%20NG.JPG', 1);
insert into categorias (slug, nombre, nivel, parent_slug, imagen_url, posicion) values ('frio-y-conservacion', 'Frio y conservacion', 2, 'maquinaria-hosteleria', 'https://workcrm.com/clientesexternos/76e25814ae22ad63d695c525ce525e1f/imagesmarcas/INFRICO.jpg', 1);
insert into categorias (slug, nombre, nivel, parent_slug, imagen_url, posicion) values ('menaje-y-utensilios', 'Menaje y utensilios', 2, 'en-la-cocina', 'https://workcrm.com/clientesexternos/76e25814ae22ad63d695c525ce525e1f/imagesmarcas/lacor.JPG', 1);
insert into categorias (slug, nombre, nivel, parent_slug, imagen_url, posicion) values ('jabones-de-manos', 'Jabones de manos', 2, 'aseo-personal', 'https://workcrm.com/clientesexternos/76e25814ae22ad63d695c525ce525e1f/files/1ae2e589fe157b48489a8e3492347bb0.JPG', 1);
insert into categorias (slug, nombre, nivel, parent_slug, imagen_url, posicion) values ('desincrustantes-y-limpiadores-de-banos', 'Desincrustantes y limpiadores de banos', 2, 'quimica-industrial', 'https://workcrm.com/clientesexternos/76e25814ae22ad63d695c525ce525e1f/files/69fcbed04fdf8cab7b07121556cb2cb4.JPG', 2);
insert into categorias (slug, nombre, nivel, parent_slug, imagen_url, posicion) values ('copas-de-vino-y-cava', 'Copas de vino y cava', 2, 'cristaleria', 'https://workcrm.com/clientesexternos/76e25814ae22ad63d695c525ce525e1f/imagesmarcas/LUIGI%20BORMIOLI.JPG', 2);
insert into categorias (slug, nombre, nivel, parent_slug, imagen_url, posicion) values ('cuberteria', 'Cuberteria', 2, 'en-la-mesa', 'https://workcrm.com/clientesexternos/76e25814ae22ad63d695c525ce525e1f/imagesmarcas/JAY%20CUBERTERIA.JPG', 2);
insert into categorias (slug, nombre, nivel, parent_slug, imagen_url, posicion) values ('servilletas', 'Servilletas', 2, 'celulosa-industrial-y-dispensadores', 'https://workcrm.com/clientesexternos/76e25814ae22ad63d695c525ce525e1f/imagesmarcas/CELULOSA%20HOSTELERIA.JPG', 2);
insert into categorias (slug, nombre, nivel, parent_slug, imagen_url, posicion) values ('vasos-y-tapas', 'Vasos y tapas', 2, 'consumibles-y-un-solo-uso', 'https://workcrm.com/clientesexternos/76e25814ae22ad63d695c525ce525e1f/imagesmarcas/NUPIK.JPG', 2);
insert into categorias (slug, nombre, nivel, parent_slug, imagen_url, posicion) values ('lavavajillas-industriales', 'Lavavajillas industriales', 2, 'maquinaria-hosteleria', 'https://workcrm.com/clientesexternos/76e25814ae22ad63d695c525ce525e1f/imagesmarcas/FRICOSMOS.JPG', 2);
insert into categorias (slug, nombre, nivel, parent_slug, imagen_url, posicion) values ('cuchilleria-profesional', 'Cuchilleria profesional', 2, 'en-la-cocina', 'https://workcrm.com/clientesexternos/76e25814ae22ad63d695c525ce525e1f/imagesmarcas/arcos.JPG', 2);
insert into categorias (slug, nombre, nivel, parent_slug, imagen_url, posicion) values ('gel-y-champu', 'Gel y champu', 2, 'aseo-personal', NULL, 2);
insert into categorias (slug, nombre, nivel, parent_slug, imagen_url, posicion) values ('dosificadores-de-jabon', 'Dosificadores de jabon', 2, 'quimica-industrial', 'https://workcrm.com/clientesexternos/76e25814ae22ad63d695c525ce525e1f/files/1ae2e589fe157b48489a8e3492347bb0.JPG', 3);
insert into categorias (slug, nombre, nivel, parent_slug, imagen_url, posicion) values ('copas-de-agua-y-catavinos', 'Copas de agua y catavinos', 2, 'cristaleria', 'https://workcrm.com/clientesexternos/76e25814ae22ad63d695c525ce525e1f/imagesproductos/archivo-16557203090162.JPG', 3);
insert into categorias (slug, nombre, nivel, parent_slug, imagen_url, posicion) values ('porcelana-profesional', 'Porcelana profesional', 2, 'en-la-mesa', 'https://workcrm.com/clientesexternos/76e25814ae22ad63d695c525ce525e1f/imagesmarcas/BONNA%20PREMIUM%20PORCELAIN.JPG', 3);
insert into categorias (slug, nombre, nivel, parent_slug, imagen_url, posicion) values ('papel-higienico', 'Papel higienico', 2, 'celulosa-industrial-y-dispensadores', NULL, 3);
insert into categorias (slug, nombre, nivel, parent_slug, imagen_url, posicion) values ('cubiertos-desechables', 'Cubiertos desechables', 2, 'consumibles-y-un-solo-uso', NULL, 3);
insert into categorias (slug, nombre, nivel, parent_slug, imagen_url, posicion) values ('preparacion-y-coccion', 'Preparacion y coccion', 2, 'maquinaria-hosteleria', 'https://workcrm.com/clientesexternos/76e25814ae22ad63d695c525ce525e1f/imagesmarcas/DISTFORM.JPG', 3);
insert into categorias (slug, nombre, nivel, parent_slug, imagen_url, posicion) values ('recipientes-gastronorm', 'Recipientes gastronorm', 2, 'en-la-cocina', 'https://workcrm.com/clientesexternos/76e25814ae22ad63d695c525ce525e1f/imagesmarcas/ARAVEN.JPG', 3);
insert into categorias (slug, nombre, nivel, parent_slug, imagen_url, posicion) values ('dosificadores-y-pulverizadores', 'Dosificadores y pulverizadores', 2, 'quimica-industrial', 'https://workcrm.com/clientesexternos/76e25814ae22ad63d695c525ce525e1f/files/4c300220bdf26095c1a95d136cab9057.JPG', 4);
insert into categorias (slug, nombre, nivel, parent_slug, imagen_url, posicion) values ('vasos-de-cafe-y-licor', 'Vasos de cafe y licor', 2, 'cristaleria', NULL, 4);
insert into categorias (slug, nombre, nivel, parent_slug, imagen_url, posicion) values ('dispensadores', 'Dispensadores', 2, 'celulosa-industrial-y-dispensadores', 'https://workcrm.com/clientesexternos/76e25814ae22ad63d695c525ce525e1f/imagesmarcas/JOFEL.jpg', 4);
insert into categorias (slug, nombre, nivel, parent_slug, imagen_url, posicion) values ('higiene-personal-profesional', 'Higiene personal profesional', 2, 'quimica-industrial', 'https://workcrm.com/clientesexternos/76e25814ae22ad63d695c525ce525e1f/files/d8d49e38c79d00dd3edb36a2f60eb5e2.JPG', 5);
insert into categorias (slug, nombre, nivel, parent_slug, imagen_url, posicion) values ('industria-alimentaria', 'Industria alimentaria', 2, 'quimica-industrial', 'https://workcrm.com/clientesexternos/76e25814ae22ad63d695c525ce525e1f/files/7c528ba1f5b5e397bd0a86c2ebee213f.JPG', 6);
insert into categorias (slug, nombre, nivel, parent_slug, imagen_url, posicion) values ('lavanderia-industrial', 'Lavanderia industrial', 2, 'quimica-industrial', 'https://workcrm.com/clientesexternos/76e25814ae22ad63d695c525ce525e1f/files/fbf5e88aa7f636127238add5195e31a5.JPG', 7);
insert into categorias (slug, nombre, nivel, parent_slug, imagen_url, posicion) values ('limpiadores-acero-inox-y-metales', 'Limpiadores acero inox. y metales', 2, 'quimica-industrial', 'https://workcrm.com/clientesexternos/76e25814ae22ad63d695c525ce525e1f/files/3fb80457d50ba165967af4b48a63d6c0.JPG', 8);
insert into categorias (slug, nombre, nivel, parent_slug, imagen_url, posicion) values ('productos-desinfectantes', 'Productos desinfectantes', 2, 'quimica-industrial', 'https://workcrm.com/clientesexternos/76e25814ae22ad63d695c525ce525e1f/files/8c010f863f141de130407990d8b5da8a.JPG', 9);
insert into categorias (slug, nombre, nivel, parent_slug, imagen_url, posicion) values ('productos-limpieza-general', 'Productos limpieza general', 2, 'quimica-industrial', 'https://workcrm.com/clientesexternos/76e25814ae22ad63d695c525ce525e1f/files/a7238b15621a2b8bca9b1b16569a8e01.JPG', 10);
insert into categorias (slug, nombre, nivel, parent_slug, imagen_url, posicion) values ('productos-para-cocina', 'Productos para cocina', 2, 'quimica-industrial', 'https://workcrm.com/clientesexternos/76e25814ae22ad63d695c525ce525e1f/files/22fae9469fe61458ee1625d9e7ee7354.JPG', 11);
insert into categorias (slug, nombre, nivel, parent_slug, imagen_url, posicion) values ('productos-para-piscinas', 'Productos para piscinas', 2, 'quimica-industrial', 'https://workcrm.com/clientesexternos/76e25814ae22ad63d695c525ce525e1f/files/2bd5e7927541d96989387361c18cddda.JPG', 12);
insert into categorias (slug, nombre, nivel, parent_slug, imagen_url, posicion) values ('ambientadores', 'Ambientadores', 3, 'ambientadores-e-insecticidas', 'https://workcrm.com/clientesexternos/76e25814ae22ad63d695c525ce525e1f/files/82256350be13eb8fd4d7ffd31f1071ff.JPG', 1);
insert into categorias (slug, nombre, nivel, parent_slug, imagen_url, posicion) values ('ambientadores-concentrado-wc', 'Ambientadores concentrado WC', 3, 'ambientadores-e-insecticidas', 'https://workcrm.com/clientesexternos/76e25814ae22ad63d695c525ce525e1f/files/82af917640e3d263c7b4e263e11e3d8c.JPG', 2);
insert into categorias (slug, nombre, nivel, parent_slug, imagen_url, posicion) values ('insecticidas', 'Insecticidas', 3, 'ambientadores-e-insecticidas', 'https://workcrm.com/clientesexternos/76e25814ae22ad63d695c525ce525e1f/files/61e8fb4773d7a7b277d523028d012f4a.JPG', 3);

-- Productos, variantes e imágenes
insert into productos (slug, nombre, referencia, descripcion, marca_slug, categoria_slug, imagen_url, especificaciones, es_nuevo, es_oferta, es_outlet, destacado) values ('limpiador-repelente-insecticida-hts-ban-5l', 'Limpiador repelente insecticida HTS Ban 5L', '024-0850088', 'Limpiador repelente insecticida de uso profesional. Garrafa de 5 litros para superficies de cocina y zonas comunes en hosteleria.', 'ng-quimica', 'insecticidas', 'https://workcrm.com/clientesexternos/76e25814ae22ad63d695c525ce525e1f/imagesproductos/024-0850088.jpg', '[{"label":"Formato","value":"Garrafa 5 L"},{"label":"Uso","value":"Profesional hosteleria"}]'::jsonb, false, false, false, true);
insert into variantes_producto (producto_slug, sku, formato_pack, precio_centimos, precio_anterior_centimos, precio_unidad_centimos, disponibilidad, posicion) values ('limpiador-repelente-insecticida-hts-ban-5l', '024-0850088', '5L', 1540, NULL, 308, 'in_stock', 0);
insert into imagenes_producto (producto_slug, url, posicion) values ('limpiador-repelente-insecticida-hts-ban-5l', 'https://workcrm.com/clientesexternos/76e25814ae22ad63d695c525ce525e1f/imagesproductos/024-0850088.jpg', 0);
insert into productos (slug, nombre, referencia, descripcion, marca_slug, categoria_slug, imagen_url, especificaciones, es_nuevo, es_oferta, es_outlet, destacado) values ('casa-jardin-rosas-1000-cc', 'Casa Jardin Rosas 1000 cc', '831-100023', 'Ambientador concentrado aroma rosas. Bote de 1000 cc para uso en dosificadores profesionales.', 'ng-quimica', 'ambientadores', 'https://workcrm.com/clientesexternos/76e25814ae22ad63d695c525ce525e1f/imagesproductos/archivo-1652948525956.jpg', '[{"label":"Formato","value":"1000 cc"},{"label":"Aroma","value":"Rosas"}]'::jsonb, false, false, false, false);
insert into variantes_producto (producto_slug, sku, formato_pack, precio_centimos, precio_anterior_centimos, precio_unidad_centimos, disponibilidad, posicion) values ('casa-jardin-rosas-1000-cc', '831-100023', 'C/15', 4560, NULL, 304, 'in_stock', 0);
insert into imagenes_producto (producto_slug, url, posicion) values ('casa-jardin-rosas-1000-cc', 'https://workcrm.com/clientesexternos/76e25814ae22ad63d695c525ce525e1f/imagesproductos/archivo-1652948525956.jpg', 0);
insert into productos (slug, nombre, referencia, descripcion, marca_slug, categoria_slug, imagen_url, especificaciones, es_nuevo, es_oferta, es_outlet, destacado) values ('insecticida-piretr-coopermatic-caja-4-unid', 'Insecticida Piretr Coopermatic caja 4 unid.', '286-COOP4', 'Insecticida piretroide para difusores automaticos. Caja de 4 unidades.', 'ng-quimica', 'insecticidas', 'https://workcrm.com/clientesexternos/76e25814ae22ad63d695c525ce525e1f/imagesproductos/archivo-16432784537736.jpg', '[{"label":"Presentacion","value":"Caja 4 unidades"}]'::jsonb, false, false, false, false);
insert into variantes_producto (producto_slug, sku, formato_pack, precio_centimos, precio_anterior_centimos, precio_unidad_centimos, disponibilidad, posicion) values ('insecticida-piretr-coopermatic-caja-4-unid', '286-COOP4', 'CAJA 4', 3068, NULL, 767, 'in_stock', 0);
insert into imagenes_producto (producto_slug, url, posicion) values ('insecticida-piretr-coopermatic-caja-4-unid', 'https://workcrm.com/clientesexternos/76e25814ae22ad63d695c525ce525e1f/imagesproductos/archivo-16432784537736.jpg', 0);
insert into productos (slug, nombre, referencia, descripcion, marca_slug, categoria_slug, imagen_url, especificaciones, es_nuevo, es_oferta, es_outlet, destacado) values ('raid-hogar-e-interiores-600-ml-c12', 'Raid Hogar e Interiores 600 ml C/12 (precio und.)', '286-RAID600', 'Aerosol insecticida para hogar e interiores. Spray de 600 ml. Precio por unidad, caja de 12.', 'ng-quimica', 'insecticidas', 'https://workcrm.com/clientesexternos/76e25814ae22ad63d695c525ce525e1f/imagesproductos/archivo-16476090390707.jpg', '[{"label":"Formato","value":"Spray 600 ml"}]'::jsonb, false, true, false, false);
insert into variantes_producto (producto_slug, sku, formato_pack, precio_centimos, precio_anterior_centimos, precio_unidad_centimos, disponibilidad, posicion) values ('raid-hogar-e-interiores-600-ml-c12', '286-RAID600', 'C/12', 390, 520, 390, 'in_stock', 0);
insert into imagenes_producto (producto_slug, url, posicion) values ('raid-hogar-e-interiores-600-ml-c12', 'https://workcrm.com/clientesexternos/76e25814ae22ad63d695c525ce525e1f/imagesproductos/archivo-16476090390707.jpg', 0);
insert into productos (slug, nombre, referencia, descripcion, marca_slug, categoria_slug, imagen_url, especificaciones, es_nuevo, es_oferta, es_outlet, destacado) values ('vaso-refresco-31-cl-spain-quartz-c6-5912', 'Vaso refresco 31 cl Spain Quartz C/6', '286-V113310ER6', 'Vaso de refresco de 31 cl de la serie Spain Quartz. Vidrio resistente apto para hosteleria. Caja de 6 unidades.', 'arcoroc-profesional', 'cristal-refresco-y-cerveza', 'https://workcrm.com/clientesexternos/76e25814ae22ad63d695c525ce525e1f/imagesproductos/archivo-16402610776883.JPG', '[{"label":"Capacidad","value":"31 cl"},{"label":"Serie","value":"Spain Quartz"},{"label":"Presentacion","value":"Caja 6 uds."}]'::jsonb, false, false, false, true);
insert into variantes_producto (producto_slug, sku, formato_pack, precio_centimos, precio_anterior_centimos, precio_unidad_centimos, disponibilidad, posicion) values ('vaso-refresco-31-cl-spain-quartz-c6-5912', '286-V113310ER6', 'C/6', 567, NULL, 94, 'in_stock', 0);
insert into imagenes_producto (producto_slug, url, posicion) values ('vaso-refresco-31-cl-spain-quartz-c6-5912', 'https://workcrm.com/clientesexternos/76e25814ae22ad63d695c525ce525e1f/imagesproductos/archivo-16402610776883.JPG', 0);
insert into productos (slug, nombre, referencia, descripcion, marca_slug, categoria_slug, imagen_url, especificaciones, es_nuevo, es_oferta, es_outlet, destacado) values ('vaso-cerveza-stout-pinta-56-cl-c6', 'Vaso cerveza Stout pinta 56 cl C/6', '286-STOUT56', 'Vaso de cerveza tipo pinta de 56 cl, ideal para cervezas tostadas y stout. Caja de 6 unidades.', 'luigi-bormioli', 'cristal-refresco-y-cerveza', NULL, '[{"label":"Capacidad","value":"56 cl"}]'::jsonb, true, false, false, false);
insert into variantes_producto (producto_slug, sku, formato_pack, precio_centimos, precio_anterior_centimos, precio_unidad_centimos, disponibilidad, posicion) values ('vaso-cerveza-stout-pinta-56-cl-c6', '286-STOUT56', 'C/6', 894, NULL, 149, 'in_stock', 0);
insert into productos (slug, nombre, referencia, descripcion, marca_slug, categoria_slug, imagen_url, especificaciones, es_nuevo, es_oferta, es_outlet, destacado) values ('vaso-sidra-asturiana-50-cl-c12', 'Vaso sidra asturiana 50 cl C/12', '286-SIDRA50', 'Vaso de sidra natural de 50 cl, vidrio fino tradicional asturiano. Caja de 12 unidades.', 'dkristal', 'cristal-refresco-y-cerveza', NULL, '[{"label":"Capacidad","value":"50 cl"}]'::jsonb, false, false, false, false);
insert into variantes_producto (producto_slug, sku, formato_pack, precio_centimos, precio_anterior_centimos, precio_unidad_centimos, disponibilidad, posicion) values ('vaso-sidra-asturiana-50-cl-c12', '286-SIDRA50', 'C/12', 1080, NULL, 90, 'on_order', 0);
insert into productos (slug, nombre, referencia, descripcion, marca_slug, categoria_slug, imagen_url, especificaciones, es_nuevo, es_oferta, es_outlet, destacado) values ('copa-catavino-festival-32-cl-c12', 'Copa catavino Festival 32 cl C/12 unds.', '286-FEST32', 'Copa catavino serie Festival de 32 cl. Apta para cata de vinos y servicio de agua. Caja de 12 unidades.', 'arcoroc-profesional', 'copas-de-agua-y-catavinos', 'https://workcrm.com/clientesexternos/76e25814ae22ad63d695c525ce525e1f/imagesproductos/archivo-16557203090162.JPG', '[{"label":"Capacidad","value":"32 cl"},{"label":"Serie","value":"Festival"}]'::jsonb, true, false, false, true);
insert into variantes_producto (producto_slug, sku, formato_pack, precio_centimos, precio_anterior_centimos, precio_unidad_centimos, disponibilidad, posicion) values ('copa-catavino-festival-32-cl-c12', '286-FEST32', 'C/12', 1428, NULL, 119, 'in_stock', 0);
insert into imagenes_producto (producto_slug, url, posicion) values ('copa-catavino-festival-32-cl-c12', 'https://workcrm.com/clientesexternos/76e25814ae22ad63d695c525ce525e1f/imagesproductos/archivo-16557203090162.JPG', 0);
insert into productos (slug, nombre, referencia, descripcion, marca_slug, categoria_slug, imagen_url, especificaciones, es_nuevo, es_oferta, es_outlet, destacado) values ('copa-vino-vulcania-37-cl-c6', 'Copa de vino Vulcania 37 cl C/6', '286-VULC37', 'Copa de vino tinto serie Vulcania de 37 cl. Cristal reforzado de alta resistencia. Caja de 6 unidades.', 'luigi-bormioli', 'copas-de-vino-y-cava', 'https://workcrm.com/clientesexternos/76e25814ae22ad63d695c525ce525e1f/imagesproductos/archivo-16799133155348.JPG', '[{"label":"Capacidad","value":"37 cl"},{"label":"Serie","value":"Vulcania"}]'::jsonb, true, false, false, true);
insert into variantes_producto (producto_slug, sku, formato_pack, precio_centimos, precio_anterior_centimos, precio_unidad_centimos, disponibilidad, posicion) values ('copa-vino-vulcania-37-cl-c6', '286-VULC37', 'C/6', 1740, NULL, 290, 'in_stock', 0);
insert into imagenes_producto (producto_slug, url, posicion) values ('copa-vino-vulcania-37-cl-c6', 'https://workcrm.com/clientesexternos/76e25814ae22ad63d695c525ce525e1f/imagesproductos/archivo-16799133155348.JPG', 0);
insert into productos (slug, nombre, referencia, descripcion, marca_slug, categoria_slug, imagen_url, especificaciones, es_nuevo, es_oferta, es_outlet, destacado) values ('servilleta-punta-punta-blanca-40x40-paq-50-caja-24', 'Servilleta punta punta blanca 40x40 PAQ-50 CAJA 24', '831-SPP4040', 'Servilleta de celulosa punta a punta, color blanco, 40x40 cm. Paquetes de 50 unidades, caja de 24 paquetes.', 'ng-celulosa-hosteleria', 'servilletas', 'https://workcrm.com/clientesexternos/76e25814ae22ad63d695c525ce525e1f/files/d4113709ea76e57a778196d45005ae7a.jpg', '[{"label":"Medida","value":"40 x 40 cm"},{"label":"Color","value":"Blanco"},{"label":"Presentacion","value":"PAQ-50 / CAJA 24"}]'::jsonb, false, false, false, true);
insert into variantes_producto (producto_slug, sku, formato_pack, precio_centimos, precio_anterior_centimos, precio_unidad_centimos, disponibilidad, posicion) values ('servilleta-punta-punta-blanca-40x40-paq-50-caja-24', '831-SPP4040', 'PAQ-50 CAJA 24', 2890, NULL, 2, 'in_stock', 0);
insert into imagenes_producto (producto_slug, url, posicion) values ('servilleta-punta-punta-blanca-40x40-paq-50-caja-24', 'https://workcrm.com/clientesexternos/76e25814ae22ad63d695c525ce525e1f/files/d4113709ea76e57a778196d45005ae7a.jpg', 0);
insert into productos (slug, nombre, referencia, descripcion, marca_slug, categoria_slug, imagen_url, especificaciones, es_nuevo, es_oferta, es_outlet, destacado) values ('servilleta-tissue-blanca-30x30-c100', 'Servilleta tissue blanca 30x30 C/100', '831-TIS3030', 'Servilleta tissue de doble capa, blanca, 30x30 cm. Paquete de 100 unidades.', 'ng-celulosa-hosteleria', 'servilletas', NULL, '[{"label":"Medida","value":"30 x 30 cm"}]'::jsonb, false, false, false, false);
insert into variantes_producto (producto_slug, sku, formato_pack, precio_centimos, precio_anterior_centimos, precio_unidad_centimos, disponibilidad, posicion) values ('servilleta-tissue-blanca-30x30-c100', '831-TIS3030', 'C/100', 215, NULL, 2, 'in_stock', 0);
insert into productos (slug, nombre, referencia, descripcion, marca_slug, categoria_slug, imagen_url, especificaciones, es_nuevo, es_oferta, es_outlet, destacado) values ('servilleta-cocktail-roja-20x20-c100', 'Servilleta coctel roja 20x20 C/100', '831-COC2020R', 'Servilleta de coctel color rojo, 20x20 cm. Ideal para barra y eventos. Paquete de 100 unidades.', 'garcia-de-pou', 'servilletas', NULL, '[{"label":"Color","value":"Rojo"}]'::jsonb, false, true, false, false);
insert into variantes_producto (producto_slug, sku, formato_pack, precio_centimos, precio_anterior_centimos, precio_unidad_centimos, disponibilidad, posicion) values ('servilleta-cocktail-roja-20x20-c100', '831-COC2020R', 'C/100', 140, 190, 1, 'in_stock', 0);
insert into productos (slug, nombre, referencia, descripcion, marca_slug, categoria_slug, imagen_url, especificaciones, es_nuevo, es_oferta, es_outlet, destacado) values ('bobina-industrial-precorte-2-capas-c2', 'Bobina industrial precorte 2 capas C/2', '831-BOB2C2', 'Bobina industrial de celulosa blanca, doble capa, con precorte. Pack de 2 rollos de alto gramaje.', 'ng-celulosa-industrial-y-dispensadores', 'bobinas-y-rollos-industriales', 'https://workcrm.com/clientesexternos/76e25814ae22ad63d695c525ce525e1f/imagesmarcas/(1)CELULOSA%20INDUSTRIAL.JPG', '[{"label":"Capas","value":"2"},{"label":"Presentacion","value":"Pack 2 rollos"}]'::jsonb, false, false, false, true);
insert into variantes_producto (producto_slug, sku, formato_pack, precio_centimos, precio_anterior_centimos, precio_unidad_centimos, disponibilidad, posicion) values ('bobina-industrial-precorte-2-capas-c2', '831-BOB2C2', 'C/2', 1290, NULL, 645, 'in_stock', 0);
insert into imagenes_producto (producto_slug, url, posicion) values ('bobina-industrial-precorte-2-capas-c2', 'https://workcrm.com/clientesexternos/76e25814ae22ad63d695c525ce525e1f/imagesmarcas/(1)CELULOSA%20INDUSTRIAL.JPG', 0);
insert into productos (slug, nombre, referencia, descripcion, marca_slug, categoria_slug, imagen_url, especificaciones, es_nuevo, es_oferta, es_outlet, destacado) values ('rollo-secamanos-mecha-tissue-c6', 'Rollo secamanos mecha tissue C/6', '831-MECHA6', 'Rollo secamanos de alimentacion central (mecha), tissue blanco. Pack de 6 rollos para dispensador.', 'ng-celulosa-industrial-y-dispensadores', 'bobinas-y-rollos-industriales', NULL, '[{"label":"Tipo","value":"Alimentacion central"}]'::jsonb, false, false, false, false);
insert into variantes_producto (producto_slug, sku, formato_pack, precio_centimos, precio_anterior_centimos, precio_unidad_centimos, disponibilidad, posicion) values ('rollo-secamanos-mecha-tissue-c6', '831-MECHA6', 'C/6', 1850, NULL, 308, 'in_stock', 0);
insert into productos (slug, nombre, referencia, descripcion, marca_slug, categoria_slug, imagen_url, especificaciones, es_nuevo, es_oferta, es_outlet, destacado) values ('fregasuelos-concentrado-perfumado-5l', 'Fregasuelos concentrado perfumado 5L', '831-FREG5L', 'Detergente fregasuelos concentrado de alto rendimiento, aroma fresco. Garrafa de 5 litros.', 'ng-limpieza', 'productos-limpieza-general', 'https://workcrm.com/clientesexternos/76e25814ae22ad63d695c525ce525e1f/files/a7238b15621a2b8bca9b1b16569a8e01.JPG', '[{"label":"Formato","value":"Garrafa 5 L"},{"label":"Rendimiento","value":"Concentrado"}]'::jsonb, false, false, false, true);
insert into variantes_producto (producto_slug, sku, formato_pack, precio_centimos, precio_anterior_centimos, precio_unidad_centimos, disponibilidad, posicion) values ('fregasuelos-concentrado-perfumado-5l', '831-FREG5L', '5L', 690, NULL, 138, 'in_stock', 0);
insert into imagenes_producto (producto_slug, url, posicion) values ('fregasuelos-concentrado-perfumado-5l', 'https://workcrm.com/clientesexternos/76e25814ae22ad63d695c525ce525e1f/files/a7238b15621a2b8bca9b1b16569a8e01.JPG', 0);
insert into productos (slug, nombre, referencia, descripcion, marca_slug, categoria_slug, imagen_url, especificaciones, es_nuevo, es_oferta, es_outlet, destacado) values ('limpiacristales-amoniacal-750-ml-c12', 'Limpiacristales amoniacal 750 ml C/12', '831-CRIS750', 'Limpiacristales con amoniaco y pistola pulverizadora. Bote de 750 ml. Caja de 12 unidades.', 'ng-limpieza', 'productos-limpieza-general', NULL, '[{"label":"Formato","value":"750 ml"}]'::jsonb, false, false, false, false);
insert into variantes_producto (producto_slug, sku, formato_pack, precio_centimos, precio_anterior_centimos, precio_unidad_centimos, disponibilidad, posicion) values ('limpiacristales-amoniacal-750-ml-c12', '831-CRIS750', 'C/12', 175, NULL, 175, 'in_stock', 0);
insert into productos (slug, nombre, referencia, descripcion, marca_slug, categoria_slug, imagen_url, especificaciones, es_nuevo, es_oferta, es_outlet, destacado) values ('lejia-perfumada-apta-superficies-5l', 'Lejia perfumada apta superficies 5L', '831-LEJ5L', 'Lejia perfumada apta para limpieza de superficies de uso alimentario. Garrafa de 5 litros.', 'ng-limpieza', 'productos-limpieza-general', NULL, '[{"label":"Formato","value":"Garrafa 5 L"}]'::jsonb, false, false, true, false);
insert into variantes_producto (producto_slug, sku, formato_pack, precio_centimos, precio_anterior_centimos, precio_unidad_centimos, disponibilidad, posicion) values ('lejia-perfumada-apta-superficies-5l', '831-LEJ5L', '5L', 240, 360, 48, 'in_stock', 0);
insert into productos (slug, nombre, referencia, descripcion, marca_slug, categoria_slug, imagen_url, especificaciones, es_nuevo, es_oferta, es_outlet, destacado) values ('desinfectante-bactericida-fungicida-5l', 'Desinfectante bactericida fungicida 5L', '831-DESINF5L', 'Desinfectante de superficies con accion bactericida y fungicida, registro HA. Garrafa de 5 litros.', 'ng-quimica', 'productos-desinfectantes', 'https://workcrm.com/clientesexternos/76e25814ae22ad63d695c525ce525e1f/files/8c010f863f141de130407990d8b5da8a.JPG', '[{"label":"Accion","value":"Bactericida / Fungicida"},{"label":"Formato","value":"Garrafa 5 L"}]'::jsonb, false, false, false, true);
insert into variantes_producto (producto_slug, sku, formato_pack, precio_centimos, precio_anterior_centimos, precio_unidad_centimos, disponibilidad, posicion) values ('desinfectante-bactericida-fungicida-5l', '831-DESINF5L', '5L', 1180, NULL, 236, 'in_stock', 0);
insert into imagenes_producto (producto_slug, url, posicion) values ('desinfectante-bactericida-fungicida-5l', 'https://workcrm.com/clientesexternos/76e25814ae22ad63d695c525ce525e1f/files/8c010f863f141de130407990d8b5da8a.JPG', 0);
insert into productos (slug, nombre, referencia, descripcion, marca_slug, categoria_slug, imagen_url, especificaciones, es_nuevo, es_oferta, es_outlet, destacado) values ('gel-hidroalcoholico-manos-500-ml-c12', 'Gel hidroalcoholico manos 500 ml C/12', '831-HIDRO500', 'Gel hidroalcoholico para higiene de manos sin aclarado, 70% alcohol. Bote de 500 ml. Caja de 12.', 'ng-aseo-personal', 'productos-desinfectantes', NULL, '[{"label":"Alcohol","value":"70%"}]'::jsonb, false, false, false, false);
insert into variantes_producto (producto_slug, sku, formato_pack, precio_centimos, precio_anterior_centimos, precio_unidad_centimos, disponibilidad, posicion) values ('gel-hidroalcoholico-manos-500-ml-c12', '831-HIDRO500', 'C/12', 320, NULL, 320, 'in_stock', 0);
insert into productos (slug, nombre, referencia, descripcion, marca_slug, categoria_slug, imagen_url, especificaciones, es_nuevo, es_oferta, es_outlet, destacado) values ('plato-llano-porcelana-blanca-27-cm-c6', 'Plato llano porcelana blanca 27 cm C/6', '450-PLL27', 'Plato llano de porcelana profesional blanca de 27 cm. Apto para lavavajillas industrial. Caja de 6 unidades.', 'churchill-vajilla', 'vajilla-y-platos', 'https://workcrm.com/clientesexternos/76e25814ae22ad63d695c525ce525e1f/imagesmarcas/CHURCHILL%20VAJILLA.JPG', '[{"label":"Diametro","value":"27 cm"},{"label":"Material","value":"Porcelana"}]'::jsonb, false, false, false, true);
insert into variantes_producto (producto_slug, sku, formato_pack, precio_centimos, precio_anterior_centimos, precio_unidad_centimos, disponibilidad, posicion) values ('plato-llano-porcelana-blanca-27-cm-c6', '450-PLL27', 'C/6', 2340, NULL, 390, 'in_stock', 0);
insert into imagenes_producto (producto_slug, url, posicion) values ('plato-llano-porcelana-blanca-27-cm-c6', 'https://workcrm.com/clientesexternos/76e25814ae22ad63d695c525ce525e1f/imagesmarcas/CHURCHILL%20VAJILLA.JPG', 0);
insert into productos (slug, nombre, referencia, descripcion, marca_slug, categoria_slug, imagen_url, especificaciones, es_nuevo, es_oferta, es_outlet, destacado) values ('plato-hondo-bonna-22-cm-c12', 'Plato hondo Bonna 22 cm C/12', '450-BONNA22', 'Plato hondo de porcelana premium Bonna de 22 cm, borde reforzado. Caja de 12 unidades.', 'bonna-premium-porcelain', 'porcelana-profesional', 'https://workcrm.com/clientesexternos/76e25814ae22ad63d695c525ce525e1f/imagesmarcas/BONNA%20PREMIUM%20PORCELAIN.JPG', '[{"label":"Diametro","value":"22 cm"}]'::jsonb, true, false, false, false);
insert into variantes_producto (producto_slug, sku, formato_pack, precio_centimos, precio_anterior_centimos, precio_unidad_centimos, disponibilidad, posicion) values ('plato-hondo-bonna-22-cm-c12', '450-BONNA22', 'C/12', 5640, NULL, 470, 'in_stock', 0);
insert into imagenes_producto (producto_slug, url, posicion) values ('plato-hondo-bonna-22-cm-c12', 'https://workcrm.com/clientesexternos/76e25814ae22ad63d695c525ce525e1f/imagesmarcas/BONNA%20PREMIUM%20PORCELAIN.JPG', 0);
insert into productos (slug, nombre, referencia, descripcion, marca_slug, categoria_slug, imagen_url, especificaciones, es_nuevo, es_oferta, es_outlet, destacado) values ('tenedor-mesa-jay-modelo-viena-c12', 'Tenedor de mesa Jay modelo Viena C/12', '510-VIENAT', 'Tenedor de mesa modelo Viena en acero inoxidable 18/10. Caja de 12 unidades.', 'jay-cuberteria', 'cuberteria', 'https://workcrm.com/clientesexternos/76e25814ae22ad63d695c525ce525e1f/imagesmarcas/JAY%20CUBERTERIA.JPG', '[{"label":"Material","value":"Acero inox. 18/10"}]'::jsonb, false, false, false, true);
insert into variantes_producto (producto_slug, sku, formato_pack, precio_centimos, precio_anterior_centimos, precio_unidad_centimos, disponibilidad, posicion) values ('tenedor-mesa-jay-modelo-viena-c12', '510-VIENAT', 'C/12', 1680, NULL, 140, 'in_stock', 0);
insert into imagenes_producto (producto_slug, url, posicion) values ('tenedor-mesa-jay-modelo-viena-c12', 'https://workcrm.com/clientesexternos/76e25814ae22ad63d695c525ce525e1f/imagesmarcas/JAY%20CUBERTERIA.JPG', 0);
insert into productos (slug, nombre, referencia, descripcion, marca_slug, categoria_slug, imagen_url, especificaciones, es_nuevo, es_oferta, es_outlet, destacado) values ('cuchillo-chef-arcos-riviera-20-cm', 'Cuchillo chef Arcos Riviera 20 cm', '610-RIV20', 'Cuchillo de cocinero serie Riviera, hoja de 20 cm en acero NITRUM forjado. Mango ergonomico.', 'arcos', 'cuchilleria-profesional', 'https://workcrm.com/clientesexternos/76e25814ae22ad63d695c525ce525e1f/imagesmarcas/arcos.JPG', '[{"label":"Hoja","value":"20 cm"},{"label":"Acero","value":"NITRUM forjado"}]'::jsonb, false, false, false, true);
insert into variantes_producto (producto_slug, sku, formato_pack, precio_centimos, precio_anterior_centimos, precio_unidad_centimos, disponibilidad, posicion) values ('cuchillo-chef-arcos-riviera-20-cm', '610-RIV20', 'Unidad', 2890, NULL, 2890, 'in_stock', 0);
insert into imagenes_producto (producto_slug, url, posicion) values ('cuchillo-chef-arcos-riviera-20-cm', 'https://workcrm.com/clientesexternos/76e25814ae22ad63d695c525ce525e1f/imagesmarcas/arcos.JPG', 0);
insert into productos (slug, nombre, referencia, descripcion, marca_slug, categoria_slug, imagen_url, especificaciones, es_nuevo, es_oferta, es_outlet, destacado) values ('armario-refrigeracion-infrico-700-l', 'Armario de refrigeracion Infrico 700 L', '900-INF700', 'Armario refrigerado de una puerta, capacidad 700 litros, gas R290. Rango 0/+8 oC. Acero inoxidable.', 'infrico', 'frio-y-conservacion', 'https://workcrm.com/clientesexternos/76e25814ae22ad63d695c525ce525e1f/imagesmarcas/INFRICO.jpg', '[{"label":"Capacidad","value":"700 L"},{"label":"Rango","value":"0 / +8 oC"},{"label":"Gas","value":"R290"}]'::jsonb, false, false, false, true);
insert into variantes_producto (producto_slug, sku, formato_pack, precio_centimos, precio_anterior_centimos, precio_unidad_centimos, disponibilidad, posicion) values ('armario-refrigeracion-infrico-700-l', '900-INF700', 'Unidad', NULL, NULL, NULL, 'on_order', 0);
insert into imagenes_producto (producto_slug, url, posicion) values ('armario-refrigeracion-infrico-700-l', 'https://workcrm.com/clientesexternos/76e25814ae22ad63d695c525ce525e1f/imagesmarcas/INFRICO.jpg', 0);
insert into productos (slug, nombre, referencia, descripcion, marca_slug, categoria_slug, imagen_url, especificaciones, es_nuevo, es_oferta, es_outlet, destacado) values ('lavavajillas-cupula-fricosmos-50x50', 'Lavavajillas de cupula Fricosmos 50x50', '900-FRIC5050', 'Lavavajillas industrial de cupula, cesta 50x50 cm, ciclo de 90 s. Doble pared aislante.', 'fricosmos', 'lavavajillas-industriales', 'https://workcrm.com/clientesexternos/76e25814ae22ad63d695c525ce525e1f/imagesmarcas/FRICOSMOS.JPG', '[{"label":"Cesta","value":"50 x 50 cm"},{"label":"Ciclo","value":"90 s"}]'::jsonb, false, false, false, false);
insert into variantes_producto (producto_slug, sku, formato_pack, precio_centimos, precio_anterior_centimos, precio_unidad_centimos, disponibilidad, posicion) values ('lavavajillas-cupula-fricosmos-50x50', '900-FRIC5050', 'Unidad', NULL, NULL, NULL, 'on_order', 0);
insert into imagenes_producto (producto_slug, url, posicion) values ('lavavajillas-cupula-fricosmos-50x50', 'https://workcrm.com/clientesexternos/76e25814ae22ad63d695c525ce525e1f/imagesmarcas/FRICOSMOS.JPG', 0);
insert into productos (slug, nombre, referencia, descripcion, marca_slug, categoria_slug, imagen_url, especificaciones, es_nuevo, es_oferta, es_outlet, destacado) values ('sarten-aluminio-lacor-induccion-28-cm', 'Sarten aluminio Lacor induccion 28 cm', '700-LAC28', 'Sarten de aluminio fundido con antiadherente reforzado, apta para induccion. Diametro 28 cm.', 'lacor', 'menaje-y-utensilios', 'https://workcrm.com/clientesexternos/76e25814ae22ad63d695c525ce525e1f/imagesmarcas/lacor.JPG', '[{"label":"Diametro","value":"28 cm"},{"label":"Apta","value":"Induccion"}]'::jsonb, false, true, false, true);
insert into variantes_producto (producto_slug, sku, formato_pack, precio_centimos, precio_anterior_centimos, precio_unidad_centimos, disponibilidad, posicion) values ('sarten-aluminio-lacor-induccion-28-cm', '700-LAC28', 'Unidad', 2150, 2890, 2150, 'in_stock', 0);
insert into imagenes_producto (producto_slug, url, posicion) values ('sarten-aluminio-lacor-induccion-28-cm', 'https://workcrm.com/clientesexternos/76e25814ae22ad63d695c525ce525e1f/imagesmarcas/lacor.JPG', 0);
insert into productos (slug, nombre, referencia, descripcion, marca_slug, categoria_slug, imagen_url, especificaciones, es_nuevo, es_oferta, es_outlet, destacado) values ('cubeta-gastronorm-araven-gn-1-1-h150', 'Cubeta gastronorm Araven GN 1/1 H150', '720-GN11150', 'Cubeta gastronorm GN 1/1 de policarbonato, altura 150 mm. Apta para conservacion en frio y caliente.', 'araven', 'recipientes-gastronorm', 'https://workcrm.com/clientesexternos/76e25814ae22ad63d695c525ce525e1f/imagesmarcas/ARAVEN.JPG', '[{"label":"Formato","value":"GN 1/1"},{"label":"Altura","value":"150 mm"}]'::jsonb, false, false, false, false);
insert into variantes_producto (producto_slug, sku, formato_pack, precio_centimos, precio_anterior_centimos, precio_unidad_centimos, disponibilidad, posicion) values ('cubeta-gastronorm-araven-gn-1-1-h150', '720-GN11150', 'Unidad', 1290, NULL, 1290, 'in_stock', 0);
insert into imagenes_producto (producto_slug, url, posicion) values ('cubeta-gastronorm-araven-gn-1-1-h150', 'https://workcrm.com/clientesexternos/76e25814ae22ad63d695c525ce525e1f/imagesmarcas/ARAVEN.JPG', 0);
insert into productos (slug, nombre, referencia, descripcion, marca_slug, categoria_slug, imagen_url, especificaciones, es_nuevo, es_oferta, es_outlet, destacado) values ('vaso-carton-cafe-240-ml-c50', 'Vaso carton cafe 240 ml C/50', '831-VCAFE240', 'Vaso de carton para cafe de 240 ml (8 oz), apto para bebidas calientes. Paquete de 50 unidades.', 'ng-un-solo-uso', 'vasos-y-tapas', 'https://workcrm.com/clientesexternos/76e25814ae22ad63d695c525ce525e1f/imagesmarcas/(1)ARTICULOS%20UN%20SOLO%20USO%20NG.JPG', '[{"label":"Capacidad","value":"240 ml"}]'::jsonb, false, false, false, true);
insert into variantes_producto (producto_slug, sku, formato_pack, precio_centimos, precio_anterior_centimos, precio_unidad_centimos, disponibilidad, posicion) values ('vaso-carton-cafe-240-ml-c50', '831-VCAFE240', 'C/50', 320, NULL, 6, 'in_stock', 0);
insert into imagenes_producto (producto_slug, url, posicion) values ('vaso-carton-cafe-240-ml-c50', 'https://workcrm.com/clientesexternos/76e25814ae22ad63d695c525ce525e1f/imagesmarcas/(1)ARTICULOS%20UN%20SOLO%20USO%20NG.JPG', 0);
insert into productos (slug, nombre, referencia, descripcion, marca_slug, categoria_slug, imagen_url, especificaciones, es_nuevo, es_oferta, es_outlet, destacado) values ('envase-kraft-menu-1000-ml-c50', 'Envase kraft menu 1000 ml C/50', '831-KRAFT1000', 'Envase kraft con tapa para menu y take away, 1000 ml. Apto microondas. Paquete de 50 unidades.', 'ng-un-solo-uso', 'envases-alimentarios', NULL, '[{"label":"Capacidad","value":"1000 ml"}]'::jsonb, true, false, false, false);
insert into variantes_producto (producto_slug, sku, formato_pack, precio_centimos, precio_anterior_centimos, precio_unidad_centimos, disponibilidad, posicion) values ('envase-kraft-menu-1000-ml-c50', '831-KRAFT1000', 'C/50', 1450, NULL, 29, 'in_stock', 0);
insert into productos (slug, nombre, referencia, descripcion, marca_slug, categoria_slug, imagen_url, especificaciones, es_nuevo, es_oferta, es_outlet, destacado) values ('dosificador-jabon-jofel-1-l-abs', 'Dosificador de jabon Jofel 1 L ABS', '300-JOFEL1L', 'Dosificador de jabon de pared en ABS blanco, capacidad 1 litro, con cierre antivandalico.', 'jofel', 'dosificadores-de-jabon', 'https://workcrm.com/clientesexternos/76e25814ae22ad63d695c525ce525e1f/imagesmarcas/JOFEL.jpg', '[{"label":"Capacidad","value":"1 L"},{"label":"Material","value":"ABS"}]'::jsonb, false, false, false, true);
insert into variantes_producto (producto_slug, sku, formato_pack, precio_centimos, precio_anterior_centimos, precio_unidad_centimos, disponibilidad, posicion) values ('dosificador-jabon-jofel-1-l-abs', '300-JOFEL1L', 'Unidad', 980, NULL, 980, 'in_stock', 0);
insert into imagenes_producto (producto_slug, url, posicion) values ('dosificador-jabon-jofel-1-l-abs', 'https://workcrm.com/clientesexternos/76e25814ae22ad63d695c525ce525e1f/imagesmarcas/JOFEL.jpg', 0);
insert into productos (slug, nombre, referencia, descripcion, marca_slug, categoria_slug, imagen_url, especificaciones, es_nuevo, es_oferta, es_outlet, destacado) values ('jabon-manos-perlado-nacarado-5l', 'Jabon de manos perlado nacarado 5L', '831-JABMAN5L', 'Jabon de manos perlado nacarado para dosificador, pH neutro. Garrafa de 5 litros.', 'ng-aseo-personal', 'jabones-de-manos', NULL, '[{"label":"Formato","value":"Garrafa 5 L"}]'::jsonb, false, false, false, false);
insert into variantes_producto (producto_slug, sku, formato_pack, precio_centimos, precio_anterior_centimos, precio_unidad_centimos, disponibilidad, posicion) values ('jabon-manos-perlado-nacarado-5l', '831-JABMAN5L', '5L', 740, NULL, 148, 'in_stock', 0);
insert into productos (slug, nombre, referencia, descripcion, marca_slug, categoria_slug, imagen_url, especificaciones, es_nuevo, es_oferta, es_outlet, destacado) values ('champu-espuma-activa-automocion-5l', 'Champu espuma activa automocion 5L', '831-AUTOCHAMP', 'Champu de espuma activa para lavado de vehiculos a presion. Alto poder desengrasante. Garrafa de 5 litros.', 'ng-automocion', 'automocion', 'https://workcrm.com/clientesexternos/76e25814ae22ad63d695c525ce525e1f/imagesmarcas/NU;EZ%20GIL%20AUTOMOCION.JPG', '[{"label":"Formato","value":"Garrafa 5 L"}]'::jsonb, false, false, false, true);
insert into variantes_producto (producto_slug, sku, formato_pack, precio_centimos, precio_anterior_centimos, precio_unidad_centimos, disponibilidad, posicion) values ('champu-espuma-activa-automocion-5l', '831-AUTOCHAMP', '5L', 890, NULL, 178, 'in_stock', 0);
insert into imagenes_producto (producto_slug, url, posicion) values ('champu-espuma-activa-automocion-5l', 'https://workcrm.com/clientesexternos/76e25814ae22ad63d695c525ce525e1f/imagesmarcas/NU;EZ%20GIL%20AUTOMOCION.JPG', 0);
insert into productos (slug, nombre, referencia, descripcion, marca_slug, categoria_slug, imagen_url, especificaciones, es_nuevo, es_oferta, es_outlet, destacado) values ('cloro-granulado-piscinas-5-kg', 'Cloro granulado piscinas 5 kg', '831-CLORO5K', 'Cloro granulado de disolucion rapida para tratamiento de agua de piscina. Bote de 5 kg.', 'ng-piscinas', 'productos-para-piscinas', 'https://workcrm.com/clientesexternos/76e25814ae22ad63d695c525ce525e1f/files/2bd5e7927541d96989387361c18cddda.JPG', '[{"label":"Formato","value":"Bote 5 kg"}]'::jsonb, false, false, false, true);
insert into variantes_producto (producto_slug, sku, formato_pack, precio_centimos, precio_anterior_centimos, precio_unidad_centimos, disponibilidad, posicion) values ('cloro-granulado-piscinas-5-kg', '831-CLORO5K', '5kg', 1690, NULL, 338, 'in_stock', 0);
insert into imagenes_producto (producto_slug, url, posicion) values ('cloro-granulado-piscinas-5-kg', 'https://workcrm.com/clientesexternos/76e25814ae22ad63d695c525ce525e1f/files/2bd5e7927541d96989387361c18cddda.JPG', 0);
insert into productos (slug, nombre, referencia, descripcion, marca_slug, categoria_slug, imagen_url, especificaciones, es_nuevo, es_oferta, es_outlet, destacado) values ('detergente-ropa-liquido-profesional-10l', 'Detergente ropa liquido profesional 10L', '831-DETROPA10', 'Detergente liquido de alta concentracion para lavadoras industriales. Garrafa de 10 litros.', 'ng-lavanderia', 'lavanderia-industrial', 'https://workcrm.com/clientesexternos/76e25814ae22ad63d695c525ce525e1f/files/fbf5e88aa7f636127238add5195e31a5.JPG', '[{"label":"Formato","value":"Garrafa 10 L"}]'::jsonb, false, false, false, true);
insert into variantes_producto (producto_slug, sku, formato_pack, precio_centimos, precio_anterior_centimos, precio_unidad_centimos, disponibilidad, posicion) values ('detergente-ropa-liquido-profesional-10l', '831-DETROPA10', '10L', 1990, NULL, 199, 'in_stock', 0);
insert into imagenes_producto (producto_slug, url, posicion) values ('detergente-ropa-liquido-profesional-10l', 'https://workcrm.com/clientesexternos/76e25814ae22ad63d695c525ce525e1f/files/fbf5e88aa7f636127238add5195e31a5.JPG', 0);

commit;
